{
  "schema": "temporal_masked_diffusion_rank_progress.v1",
  "rank": 2,
  "updated_at_epoch": 1780207526.4211423,
  "phase": "action_denoising",
  "epoch": 6,
  "epochs": 6,
  "batch": 2485,
  "batches": 2485,
  "examples": 79500,
  "masked_targets": 625467,
  "loss": 3.0882897524101978,
  "action_loss": 1.116827658903699,
  "video_reconstruction_loss": 0.0,
  "key_event_loss": 0.0030630058139700257,
  "button_event_loss": 0.0014037673681975874,
  "button_class_loss": 0.0004709618637116026,
  "key_class_loss": 0.010173215620353513,
  "mouse_axis_class_loss": 1.5102048817400662,
  "key_token_presence_loss": 0.0006465137223156649,
  "key_token_presence_rank_loss": 0.002740399992895904,
  "button_token_presence_loss": 0.0002776021000836923,
  "button_token_presence_rank_loss": 1.9901697061596007e-05,
  "mouse_move_token_presence_loss": 0.005590565417688223,
  "mouse_move_token_presence_rank_loss": 0.5941367685899794,
  "keyboard_count_loss": 0.0,
  "mouse_button_count_loss": 0.0,
  "mouse_move_count_loss": 0.0,
  "video_key_token_presence_loss": 0.0,
  "video_key_token_presence_rank_loss": 0.0,
  "video_button_token_presence_loss": 0.0,
  "video_button_token_presence_rank_loss": 0.0,
  "video_mouse_move_token_presence_loss": 0.0,
  "video_mouse_move_token_presence_rank_loss": 0.0,
  "token_presence_loss": 0.017957539162920706
}
