{
  "schema": "temporal_masked_diffusion_rank_progress.v1",
  "rank": 1,
  "updated_at_epoch": 1780207526.4210637,
  "phase": "action_denoising",
  "epoch": 6,
  "epochs": 6,
  "batch": 2485,
  "batches": 2485,
  "examples": 79500,
  "masked_targets": 625718,
  "loss": 3.0898064740893507,
  "action_loss": 1.1190742108446736,
  "video_reconstruction_loss": 0.0,
  "key_event_loss": 0.0030593934666032978,
  "button_event_loss": 0.0013003215801013625,
  "button_class_loss": 0.0003084444326025878,
  "key_class_loss": 0.010839604661293854,
  "mouse_axis_class_loss": 1.5077389919352981,
  "key_token_presence_loss": 0.0006508462802864284,
  "key_token_presence_rank_loss": 0.002456677554917314,
  "button_token_presence_loss": 0.00027764313356949417,
  "button_token_presence_rank_loss": 2.3487222440098974e-05,
  "mouse_move_token_presence_loss": 0.005586712300871153,
  "mouse_move_token_presence_rank_loss": 0.5953057911500991,
  "keyboard_count_loss": 0.0,
  "mouse_button_count_loss": 0.0,
  "mouse_move_count_loss": 0.0,
  "video_key_token_presence_loss": 0.0,
  "video_key_token_presence_rank_loss": 0.0,
  "video_button_token_presence_loss": 0.0,
  "video_button_token_presence_rank_loss": 0.0,
  "video_mouse_move_token_presence_loss": 0.0,
  "video_mouse_move_token_presence_rank_loss": 0.0,
  "token_presence_loss": 0.017955130041114188
}
