{
  "schema": "temporal_masked_diffusion_rank_progress.v1",
  "rank": 3,
  "updated_at_epoch": 1780207526.4210076,
  "phase": "action_denoising",
  "epoch": 6,
  "epochs": 6,
  "batch": 2485,
  "batches": 2485,
  "examples": 79500,
  "masked_targets": 626489,
  "loss": 3.123861724243666,
  "action_loss": 1.1322688026591856,
  "video_reconstruction_loss": 0.0,
  "key_event_loss": 0.003326566428096918,
  "button_event_loss": 0.0012844613321372981,
  "button_class_loss": 0.0007050320553506651,
  "key_class_loss": 0.011777950719923711,
  "mouse_axis_class_loss": 1.5239469006016568,
  "key_token_presence_loss": 0.0006552828648808535,
  "key_token_presence_rank_loss": 0.0027548357434660194,
  "button_token_presence_loss": 0.00029651424987461276,
  "button_token_presence_rank_loss": 2.4631733383253745e-05,
  "mouse_move_token_presence_loss": 0.005623503238431313,
  "mouse_move_token_presence_rank_loss": 0.5971949969207716,
  "keyboard_count_loss": 0.0,
  "mouse_button_count_loss": 0.0,
  "mouse_move_count_loss": 0.0,
  "video_key_token_presence_loss": 0.0,
  "video_key_token_presence_rank_loss": 0.0,
  "video_button_token_presence_loss": 0.0,
  "video_button_token_presence_rank_loss": 0.0,
  "video_mouse_move_token_presence_loss": 0.0,
  "video_mouse_move_token_presence_rank_loss": 0.0,
  "token_presence_loss": 0.018115993350884825
}
