{
  "schema": "temporal_masked_diffusion_rank_progress.v1",
  "rank": 1,
  "updated_at_epoch": 1780059946.2791228,
  "phase": "action_denoising",
  "epoch": 3,
  "epochs": 3,
  "batch": 153,
  "batches": 153,
  "examples": 19500,
  "masked_targets": 457649,
  "loss": 19.04848154455086,
  "action_loss": 7.147582131525278,
  "video_reconstruction_loss": 0.0,
  "key_event_loss": 1.1569659066811586,
  "button_event_loss": 0.5518996603794587,
  "button_class_loss": 0.32072610988372413,
  "key_class_loss": 5.513197323432336,
  "mouse_axis_class_loss": 2.206081168737167,
  "key_token_presence_loss": 0.030991361057911164,
  "key_token_presence_rank_loss": 1.1974769036708734,
  "button_token_presence_loss": 0.04475997685774779,
  "button_token_presence_rank_loss": 0.11239526572135779,
  "mouse_move_token_presence_loss": 0.04413076226375042,
  "mouse_move_token_presence_rank_loss": 0.9963745197883019,
  "video_key_token_presence_loss": 0.03483567017622483,
  "video_key_token_presence_rank_loss": 1.3294938559898963,
  "video_button_token_presence_loss": 0.0544754703778487,
  "video_button_token_presence_rank_loss": 0.09576964528744038,
  "video_mouse_move_token_presence_loss": 0.06073774426717025,
  "video_mouse_move_token_presence_rank_loss": 1.198756818477924,
  "token_presence_loss": 0.1515213955701926
}
