{
  "schema": "temporal_masked_diffusion_rank_progress.v1",
  "rank": 3,
  "updated_at_epoch": 1780059946.2790282,
  "phase": "action_denoising",
  "epoch": 3,
  "epochs": 3,
  "batch": 153,
  "batches": 153,
  "examples": 19500,
  "masked_targets": 465703,
  "loss": 19.01491887604399,
  "action_loss": 7.1114556831424505,
  "video_reconstruction_loss": 0.0,
  "key_event_loss": 1.144831975472279,
  "button_event_loss": 0.5548721252588126,
  "button_class_loss": 0.3171792991161346,
  "key_class_loss": 5.504145366375263,
  "mouse_axis_class_loss": 2.2432076055086574,
  "key_token_presence_loss": 0.030868669501863993,
  "key_token_presence_rank_loss": 1.193612928390503,
  "button_token_presence_loss": 0.046151137582766705,
  "button_token_presence_rank_loss": 0.12298930941025416,
  "mouse_move_token_presence_loss": 0.04490092375416022,
  "mouse_move_token_presence_rank_loss": 1.002559958030016,
  "video_key_token_presence_loss": 0.03470154817440571,
  "video_key_token_presence_rank_loss": 1.3304002285492726,
  "video_button_token_presence_loss": 0.055434018242817656,
  "video_button_token_presence_rank_loss": 0.10636742586967272,
  "video_mouse_move_token_presence_loss": 0.06119541669656069,
  "video_mouse_move_token_presence_rank_loss": 1.2020225943540916,
  "token_presence_loss": 0.15254598001333383
}
