{
  "schema": "temporal_masked_diffusion_rank_progress.v1",
  "rank": 2,
  "updated_at_epoch": 1780059946.279091,
  "phase": "action_denoising",
  "epoch": 3,
  "epochs": 3,
  "batch": 153,
  "batches": 153,
  "examples": 19500,
  "masked_targets": 461041,
  "loss": 18.67028354890549,
  "action_loss": 7.004703354741754,
  "video_reconstruction_loss": 0.0,
  "key_event_loss": 1.1411770314681224,
  "button_event_loss": 0.5637270881090408,
  "button_class_loss": 0.3161536861765079,
  "key_class_loss": 5.335836931375357,
  "mouse_axis_class_loss": 2.21267553292788,
  "key_token_presence_loss": 0.030460401421556108,
  "key_token_presence_rank_loss": 1.1819878100859813,
  "button_token_presence_loss": 0.042771901400043416,
  "button_token_presence_rank_loss": 0.07424479383860644,
  "mouse_move_token_presence_loss": 0.04420860306421916,
  "mouse_move_token_presence_rank_loss": 0.9957842635130271,
  "video_key_token_presence_loss": 0.0344425043341441,
  "video_key_token_presence_rank_loss": 1.3268773461366312,
  "video_button_token_presence_loss": 0.05286430521958914,
  "video_button_token_presence_rank_loss": 0.06601629393681502,
  "video_mouse_move_token_presence_loss": 0.06067655883996915,
  "video_mouse_move_token_presence_rank_loss": 1.1999127671901997,
  "token_presence_loss": 0.14976840736010136
}
