{
  "schema": "metrics.v1",
  "stage": "fdm_eval",
  "num_examples": 320000,
  "keyboard": {
    "status": "computed",
    "accuracy": 0.05633942931043059,
    "num_examples": 60313
  },
  "mouse_button": {
    "status": "computed",
    "accuracy": 0.375772841767804,
    "num_examples": 8734,
    "predicted_examples": 17537,
    "exact_true_positive_examples": 3282,
    "false_positive_examples": 14255,
    "false_negative_examples": 5452,
    "precision": 0.18714717454524718,
    "recall": 0.375772841767804,
    "f1": 0.24985725705150166,
    "no_button_examples": 311266,
    "no_button_false_positive_examples": 13827,
    "no_button_false_positive_rate": 0.04442181285460024
  },
  "mouse_move": {
    "status": "computed",
    "pearson": 0.13260445519042466,
    "scale_ratio": 1.3093422315558407,
    "num_values": 240244
  },
  "failure_count": 319892
}
