{
  "schema": "metrics.v1",
  "stage": "fdm_eval",
  "num_examples": 16698646,
  "keyboard": {
    "status": "computed",
    "accuracy": 0.0015591228740627116,
    "num_examples": 3017081
  },
  "mouse_button": {
    "status": "computed",
    "accuracy": 0.04604312947400158,
    "num_examples": 759527,
    "predicted_examples": 2947382,
    "exact_true_positive_examples": 34971,
    "false_positive_examples": 2912411,
    "false_negative_examples": 724556,
    "precision": 0.011865106050047126,
    "recall": 0.04604312947400158,
    "f1": 0.018868011057190777,
    "no_button_examples": 15939119,
    "no_button_false_positive_examples": 2809588,
    "no_button_false_positive_rate": 0.17626996824604924
  },
  "mouse_move": {
    "status": "computed",
    "pearson": 0.007138558097545246,
    "scale_ratio": 1.1031896562535626,
    "num_values": 14661338
  },
  "failure_count": 16698627
}
