{
  "schema": "metrics.v1",
  "stage": "fdm_eval",
  "num_examples": 320000,
  "keyboard": {
    "status": "computed",
    "accuracy": 0.016331470827184853,
    "num_examples": 60313
  },
  "mouse_button": {
    "status": "computed",
    "accuracy": 0.09606136936111748,
    "num_examples": 8734,
    "predicted_examples": 25369,
    "exact_true_positive_examples": 839,
    "false_positive_examples": 24530,
    "false_negative_examples": 7895,
    "precision": 0.03307185935590681,
    "recall": 0.09606136936111748,
    "f1": 0.049203882356390935,
    "no_button_examples": 311266,
    "no_button_false_positive_examples": 23791,
    "no_button_false_positive_rate": 0.07643301870425938
  },
  "mouse_move": {
    "status": "computed",
    "pearson": 0.6547883869295662,
    "scale_ratio": 2.116937228882832,
    "num_values": 240244
  },
  "failure_count": 319873
}
