{
  "schema": "metrics.v1",
  "stage": "fdm_eval",
  "num_examples": 16698646,
  "keyboard": {
    "status": "computed",
    "accuracy": 0.01636747571576633,
    "num_examples": 3017081
  },
  "mouse_button": {
    "status": "computed",
    "accuracy": 0.05174536257433903,
    "num_examples": 759527,
    "predicted_examples": 1789726,
    "exact_true_positive_examples": 39302,
    "false_positive_examples": 1750424,
    "false_negative_examples": 720225,
    "precision": 0.021959786023111917,
    "recall": 0.05174536257433903,
    "f1": 0.030834130625716633,
    "no_button_examples": 15939119,
    "no_button_false_positive_examples": 1698361,
    "no_button_false_positive_rate": 0.10655300333726099
  },
  "mouse_move": {
    "status": "computed",
    "pearson": 0.045364362540220575,
    "scale_ratio": 1.5108912481104453,
    "num_values": 14661338
  },
  "failure_count": 16698443
}
