{
  "schema": "metrics.v1",
  "stage": "fdm_eval",
  "num_examples": 16698646,
  "keyboard": {
    "status": "computed",
    "accuracy": 0.0015926895515316116,
    "num_examples": 8754374
  },
  "mouse_button": {
    "status": "computed",
    "accuracy": 0.10984758556143961,
    "num_examples": 2038652,
    "predicted_examples": 8072198,
    "exact_true_positive_examples": 223941,
    "false_positive_examples": 7848257,
    "false_negative_examples": 1814711,
    "precision": 0.027742258056603665,
    "recall": 0.10984758556143961,
    "f1": 0.044297165915823104,
    "no_button_examples": 14659994,
    "no_button_false_positive_examples": 7216480,
    "no_button_false_positive_rate": 0.4922566816875914
  },
  "mouse_move": {
    "status": "computed",
    "pearson": -0.002191477039687046,
    "scale_ratio": 2.327478680906778,
    "num_values": 33397292
  },
  "failure_count": 16665451
}
