{
  "schema": "metrics.v1",
  "stage": "fdm_eval",
  "num_examples": 320000,
  "keyboard": {
    "status": "computed",
    "accuracy": 0.00011606121400029844,
    "num_examples": 60313
  },
  "mouse_button": {
    "status": "computed",
    "accuracy": 0.0010304556904053126,
    "num_examples": 8734,
    "predicted_examples": 294431,
    "exact_true_positive_examples": 9,
    "false_positive_examples": 294422,
    "false_negative_examples": 8725,
    "precision": 3.056743345639555e-05,
    "recall": 0.0010304556904053126,
    "f1": 5.9373608431052396e-05,
    "no_button_examples": 311266,
    "no_button_false_positive_examples": 285697,
    "no_button_false_positive_rate": 0.9178548251334872
  },
  "mouse_move": {
    "status": "computed",
    "pearson": 0.673439441400427,
    "scale_ratio": 1.8411431289798117,
    "num_values": 240244
  },
  "failure_count": 320000
}
