{
  "candidate_score_reranker": {
    "claim_boundary": "Train-heldout candidate confidence reranker only. It may use train-heldout labels to fit candidate confidence, but never target/eval labels.",
    "families": {
      "keyboard": {
        "bias": -1.05442476272583,
        "epochs": 160,
        "examples": 53058,
        "l2": 0.0001,
        "lr": 0.05,
        "mean": [
          0.02746366523206234,
          0.0016081774374470115,
          -3.940486431121826,
          0.0007256624521687627,
          1.0,
          0.9041503071784973,
          0.2710031569004059,
          0.0,
          0.021001441404223442,
          0.0,
          1.0,
          0.0,
          0.0,
          0.0,
          0.0,
          0.0,
          0.8975460529327393
        ],
        "negatives": 52442,
        "pos_weight": 64.0,
        "positives": 616,
        "scale": [
          0.02922198735177517,
          0.004750129766762257,
          0.8566749691963196,
          0.0027948725037276745,
          9.999999974752427e-07,
          0.28381669521331787,
          0.20202283561229706,
          9.999999974752427e-07,
          0.045672707259655,
          9.999999974752427e-07,
          9.999999974752427e-07,
          9.999999974752427e-07,
          9.999999974752427e-07,
          9.999999974752427e-07,
          9.999999974752427e-07,
          9.999999974752427e-07,
          0.30324432253837585
        ],
        "status": "pass",
        "train_negative_score_mean": 0.2989768981933594,
        "train_pairwise_auc": 0.7739543318748474,
        "train_positive_score_mean": 0.6023500561714172,
        "weights": [
          1.1660188436508179,
          -0.42801928520202637,
          0.6822413802146912,
          0.1272912472486496,
          0.0,
          -1.0067930221557617,
          -0.3670867085456848,
          0.0,
          -0.5219001173973083,
          0.0,
          0.0,
          0.0,
          0.0,
          0.0,
          0.0,
          0.0,
          -0.6548124551773071
        ]
      },
      "mouse_button": {
        "bias": -0.1032014787197113,
        "epochs": 160,
        "examples": 16388,
        "l2": 0.0001,
        "lr": 0.05,
        "mean": [
          0.0018411774653941393,
          7.588756852783263e-05,
          -9.430059432983398,
          0.0005781984655186534,
          1.0,
          0.265654057264328,
          0.0,
          0.0,
          0.0,
          0.0550871342420578,
          0.1437707543373108,
          0.046090416610240936,
          0.0,
          0.0,
          0.0,
          0.0,
          0.2646448612213135
        ],
        "negatives": 14806,
        "pos_weight": 9.359039190897597,
        "positives": 1582,
        "scale": [
          0.008514553308486938,
          0.0014101454289630055,
          2.4476029872894287,
          0.0011843772372230887,
          9.999999974752427e-07,
          0.4405427575111389,
          9.999999974752427e-07,
          9.999999974752427e-07,
          9.999999974752427e-07,
          0.04484441131353378,
          0.08790574222803116,
          0.0661562904715538,
          9.999999974752427e-07,
          9.999999974752427e-07,
          9.999999974752427e-07,
          9.999999974752427e-07,
          0.4411439299583435
        ],
        "status": "pass",
        "train_negative_score_mean": 0.47776728868484497,
        "train_pairwise_auc": 0.5765370726585388,
        "train_positive_score_mean": 0.5222496390342712,
        "weights": [
          0.2520286738872528,
          -0.08989879488945007,
          1.6154520511627197,
          0.1568078249692917,
          0.0,
          -0.8721110820770264,
          0.0,
          0.0,
          0.0,
          -0.3346502482891083,
          -0.25472286343574524,
          -0.3928852081298828,
          0.0,
          0.0,
          0.0,
          0.0,
          -0.9306123852729797
        ]
      },
      "mouse_move": {
        "bias": -0.07114485651254654,
        "epochs": 160,
        "examples": 120000,
        "l2": 0.0001,
        "lr": 0.05,
        "mean": [
          0.31697574257850647,
          0.21555176377296448,
          -1.0411977767944336,
          0.12644395232200623,
          1.0,
          1.0,
          0.0,
          0.0,
          0.0,
          0.0,
          1.0,
          0.0,
          0.0,
          0.8566020727157593,
          0.0,
          0.274260014295578,
          0.05594166740775108
        ],
        "negatives": 94767,
        "pos_weight": 3.755677089525621,
        "positives": 25233,
        "scale": [
          0.3392316699028015,
          0.33962592482566833,
          2.604581832885742,
          0.2236146181821823,
          9.999999974752427e-07,
          9.999999974752427e-07,
          9.999999974752427e-07,
          9.999999974752427e-07,
          9.999999974752427e-07,
          9.999999974752427e-07,
          9.999999974752427e-07,
          9.999999974752427e-07,
          9.999999974752427e-07,
          0.2977735698223114,
          9.999999974752427e-07,
          0.3586887717247009,
          0.22980904579162598
        ],
        "status": "pass",
        "train_negative_score_mean": 0.4680311381816864,
        "train_pairwise_auc": 0.6399279832839966,
        "train_positive_score_mean": 0.5319679379463196,
        "weights": [
          -0.7519786953926086,
          1.3438806533813477,
          0.30487942695617676,
          -0.011477106250822544,
          0.0,
          0.0,
          0.0,
          0.0,
          0.0,
          0.0,
          0.0,
          0.0,
          0.0,
          0.2640053629875183,
          0.0,
          -0.5983749032020569,
          -0.006033721379935741
        ]
      }
    },
    "feature_names": [
      "score",
      "score_squared",
      "score_logit",
      "token_probability",
      "prior_weight",
      "event_gate_multiplier",
      "key_presence_score",
      "video_key_presence_score",
      "key_class_score",
      "button_class_score",
      "button_class_no_button_gate_score",
      "button_presence_score",
      "video_button_presence_score",
      "mouse_move_presence_score",
      "video_mouse_move_presence_score",
      "mouse_axis_class_score",
      "slot_is_direct_aux"
    ],
    "rows": 1024,
    "schema": "temporal_candidate_score_reranker.v1",
    "score_blend": 1.0,
    "status": "pass"
  },
  "checkpoint": "outputs/idm_temporal_masked_diffusion_d2e_raw96_patch_axisclass_realvideo_train320k_target24k/checkpoint.pt",
  "claim_boundary": "Prediction-only candidate-score reranker diagnostic from a prior G005 train320k checkpoint; train-heldout calibration only, no target-label calibration, not G005 completion evidence.",
  "config": "configs/model/idm_temporal_masked_diffusion_d2e_raw96_patch_axisclass_realvideo_train320k_candidate_reranker_predict5k.yaml",
  "exit_code": 0,
  "finished_at": "2026-05-29T18:03:12+00:00",
  "keyboard_key_accuracy": 0.01775568181818182,
  "metrics_path": "outputs/idm_temporal_masked_diffusion_d2e_raw96_patch_axisclass_realvideo_train320k_candidate_reranker_predict5k/paper_metrics.json",
  "metrics_sha256": "181adbcf0e32d6e19cb38770acf58d9237b65617699dbe34d7891b1a82a3a17a",
  "model_slug": "g005_idm_temporal_masked_diffusion_raw96_patch_axisclass_realvideo_train320k_candidate_reranker_predict5k",
  "mouse_button_accuracy": 0.004032258064516129,
  "mouse_button_f1": 0.0,
  "mouse_move_pearson_x": null,
  "mouse_move_pearson_y": null,
  "no_button_false_positive_rate": 0.017912291537986413,
  "paper_target_status": "failed_nonterminal_probe",
  "schema": "g005_candidate_reranker_prediction_compact.v1",
  "started_at": "2026-05-29T17:50:43+00:00",
  "status": "pass",
  "summary_path": "artifacts/idm/g005_idm_temporal_masked_diffusion_raw96_patch_axisclass_realvideo_train320k_candidate_reranker_predict5k_summary.json",
  "summary_sha256": "91a1aec463a251c97ed2752fb607b25732039988e0d4906f87a23b42a7daf710",
  "target_rows": 5000
}
