{
  "claim_boundary": "Closed-target 320k probe only; this does not satisfy full-corpus G005 completion.",
  "decision": "Continue training/exploration; epoch6 materially improves the epoch2 raw112 probe but remains below D2E paper targets.",
  "delta_epoch6_minus_epoch2": {
    "keyboard_key_accuracy": 0.014525461530935908,
    "mouse_button_accuracy": 0.016682075860662386,
    "mouse_button_f1": 0.030779200439265523,
    "no_button_false_positive_rate": 0.0753888132197069,
    "pearson_x": 0.2401515647961559,
    "pearson_y": 0.20033134315132808,
    "rows": 0,
    "scale_ratio_x": 1.519373625677638,
    "scale_ratio_y": -7.015051485978758
  },
  "failure_codes": [
    "pearson_x",
    "pearson_y",
    "keyboard_key_accuracy",
    "mouse_button_accuracy"
  ],
  "gpu_monitor_status": {
    "covers_expected_gpus": true,
    "expected_gpus": 4,
    "rows": 496,
    "unique_gpu_indices": [
      "0",
      "1",
      "2",
      "3"
    ]
  },
  "new_epoch6": {
    "keyboard_key_accuracy": 0.025532347755323478,
    "mouse_button_accuracy": 0.023717611276832192,
    "mouse_button_f1": 0.04456563168850969,
    "no_button_false_positive_rate": 0.07649727242936909,
    "pearson_x": 0.6401940094154598,
    "pearson_y": 0.22020528215367338,
    "rows": 320000,
    "scale_ratio_x": 2.658537195125685,
    "scale_ratio_y": 7.0867596671561435
  },
  "new_probe_metrics_path": "artifacts/idm/g005_idm_video_pair_raw112_epoch6_closed_target_probe_paper_metrics.json",
  "old_epoch2": {
    "keyboard_key_accuracy": 0.01100688622438757,
    "mouse_button_accuracy": 0.007035535416169807,
    "mouse_button_f1": 0.013786431249244165,
    "no_button_false_positive_rate": 0.0011084592096621763,
    "pearson_x": 0.4000424446193039,
    "pearson_y": 0.01987393900234529,
    "rows": 320000,
    "scale_ratio_x": 1.1391635694480469,
    "scale_ratio_y": 14.101811153134902
  },
  "old_probe_metrics_path": "artifacts/idm/g005_idm_video_pair_raw112_closed_target_probe_paper_metrics.json",
  "paper_targets": {
    "keyboard_accuracy": 0.73,
    "mouse_button_accuracy": 0.957,
    "no_button_false_positive_rate_max": 0.1,
    "pearson_x": 0.796,
    "pearson_y": 0.783
  },
  "schema": "g005_raw112_epoch6_probe_decision.v1",
  "status": "continue_candidate_not_completion_ready",
  "target_probe_rows": 320000,
  "train_records": 19211006,
  "train_run_summary": "artifacts/idm/g005_idm_video_pair_raw112_resume_to6_4xh200_run.json",
  "wall_clock_seconds": 3711
}
