{
  "motion_source": "previous_event_tokens_with_duplicate_mouse_delta_tokens_preserved",
  "policies": {
    "code_hold_since_th0.1": {
      "all": {
        "paper_compatible": {
          "empty_bins_as_correct": false,
          "keyboard": {
            "key_accuracy": 0.46539611439196255,
            "sample_count": 94657
          },
          "mouse_button": {
            "button_accuracy": 0.9754424778761062,
            "sample_count": 9040
          },
          "mouse_move": {
            "pearson_x": 0.7687087053983602,
            "pearson_y": 0.7424529931783539,
            "sample_count": 135248,
            "scale_ratio_x": 1.0001756310144025,
            "scale_ratio_y": 1.000020839820968,
            "scale_sample_count": 320000
          }
        },
        "rows": 320000,
        "strict_local": {
          "keyboard": {
            "accuracy": 0.5256412382073516,
            "num_examples": 60313
          },
          "mouse_button": {
            "accuracy": 0.9868330661781544,
            "exact_true_positive_examples": 8619,
            "f1": 0.9933156620951942,
            "false_negative_examples": 115,
            "false_positive_examples": 1,
            "no_button_examples": 311266,
            "no_button_false_positive_examples": 0,
            "no_button_false_positive_rate": 0.0,
            "num_examples": 8734,
            "precision": 0.9998839907192575,
            "predicted_examples": 8620,
            "recall": 0.9868330661781544
          }
        }
      }
    },
    "code_hold_since_th0.2": {
      "all": {
        "paper_compatible": {
          "empty_bins_as_correct": false,
          "keyboard": {
            "key_accuracy": 0.49864486300589883,
            "sample_count": 87814
          },
          "mouse_button": {
            "button_accuracy": 0.9754424778761062,
            "sample_count": 9040
          },
          "mouse_move": {
            "pearson_x": 0.7687087053983602,
            "pearson_y": 0.7424529931783539,
            "sample_count": 135248,
            "scale_ratio_x": 1.0001756310144025,
            "scale_ratio_y": 1.000020839820968,
            "scale_sample_count": 320000
          }
        },
        "rows": 320000,
        "strict_local": {
          "keyboard": {
            "accuracy": 0.5480576326828379,
            "num_examples": 60313
          },
          "mouse_button": {
            "accuracy": 0.9868330661781544,
            "exact_true_positive_examples": 8619,
            "f1": 0.9933156620951942,
            "false_negative_examples": 115,
            "false_positive_examples": 1,
            "no_button_examples": 311266,
            "no_button_false_positive_examples": 0,
            "no_button_false_positive_rate": 0.0,
            "num_examples": 8734,
            "precision": 0.9998839907192575,
            "predicted_examples": 8620,
            "recall": 0.9868330661781544
          }
        }
      }
    },
    "code_hold_since_th0.35": {
      "all": {
        "paper_compatible": {
          "empty_bins_as_correct": false,
          "keyboard": {
            "key_accuracy": 0.5265059801189941,
            "sample_count": 82189
          },
          "mouse_button": {
            "button_accuracy": 0.9754424778761062,
            "sample_count": 9040
          },
          "mouse_move": {
            "pearson_x": 0.7687087053983602,
            "pearson_y": 0.7424529931783539,
            "sample_count": 135248,
            "scale_ratio_x": 1.0001756310144025,
            "scale_ratio_y": 1.000020839820968,
            "scale_sample_count": 320000
          }
        },
        "rows": 320000,
        "strict_local": {
          "keyboard": {
            "accuracy": 0.5622668413111601,
            "num_examples": 60313
          },
          "mouse_button": {
            "accuracy": 0.9868330661781544,
            "exact_true_positive_examples": 8619,
            "f1": 0.9933156620951942,
            "false_negative_examples": 115,
            "false_positive_examples": 1,
            "no_button_examples": 311266,
            "no_button_false_positive_examples": 0,
            "no_button_false_positive_rate": 0.0,
            "num_examples": 8734,
            "precision": 0.9998839907192575,
            "predicted_examples": 8620,
            "recall": 0.9868330661781544
          }
        }
      }
    },
    "code_hold_since_th0.5": {
      "all": {
        "paper_compatible": {
          "empty_bins_as_correct": false,
          "keyboard": {
            "key_accuracy": 0.5375738056897477,
            "sample_count": 78246
          },
          "mouse_button": {
            "button_accuracy": 0.9754424778761062,
            "sample_count": 9040
          },
          "mouse_move": {
            "pearson_x": 0.7687087053983602,
            "pearson_y": 0.7424529931783539,
            "sample_count": 135248,
            "scale_ratio_x": 1.0001756310144025,
            "scale_ratio_y": 1.000020839820968,
            "scale_sample_count": 320000
          }
        },
        "rows": 320000,
        "strict_local": {
          "keyboard": {
            "accuracy": 0.5639248586540215,
            "num_examples": 60313
          },
          "mouse_button": {
            "accuracy": 0.9868330661781544,
            "exact_true_positive_examples": 8619,
            "f1": 0.9933156620951942,
            "false_negative_examples": 115,
            "false_positive_examples": 1,
            "no_button_examples": 311266,
            "no_button_false_positive_examples": 0,
            "no_button_false_positive_rate": 0.0,
            "num_examples": 8734,
            "precision": 0.9998839907192575,
            "predicted_examples": 8620,
            "recall": 0.9868330661781544
          }
        }
      }
    },
    "global_hold_since_th0.1": {
      "all": {
        "paper_compatible": {
          "empty_bins_as_correct": false,
          "keyboard": {
            "key_accuracy": 0.48433101124057293,
            "sample_count": 97326
          },
          "mouse_button": {
            "button_accuracy": 0.9754424778761062,
            "sample_count": 9040
          },
          "mouse_move": {
            "pearson_x": 0.7687087053983602,
            "pearson_y": 0.7424529931783539,
            "sample_count": 135248,
            "scale_ratio_x": 1.0001756310144025,
            "scale_ratio_y": 1.000020839820968,
            "scale_sample_count": 320000
          }
        },
        "rows": 320000,
        "strict_local": {
          "keyboard": {
            "accuracy": 0.5562979788768591,
            "num_examples": 60313
          },
          "mouse_button": {
            "accuracy": 0.9868330661781544,
            "exact_true_positive_examples": 8619,
            "f1": 0.9933156620951942,
            "false_negative_examples": 115,
            "false_positive_examples": 1,
            "no_button_examples": 311266,
            "no_button_false_positive_examples": 0,
            "no_button_false_positive_rate": 0.0,
            "num_examples": 8734,
            "precision": 0.9998839907192575,
            "predicted_examples": 8620,
            "recall": 0.9868330661781544
          }
        }
      }
    },
    "global_hold_since_th0.2": {
      "all": {
        "paper_compatible": {
          "empty_bins_as_correct": false,
          "keyboard": {
            "key_accuracy": 0.48858713156226946,
            "sample_count": 96251
          },
          "mouse_button": {
            "button_accuracy": 0.9754424778761062,
            "sample_count": 9040
          },
          "mouse_move": {
            "pearson_x": 0.7687087053983602,
            "pearson_y": 0.7424529931783539,
            "sample_count": 135248,
            "scale_ratio_x": 1.0001756310144025,
            "scale_ratio_y": 1.000020839820968,
            "scale_sample_count": 320000
          }
        },
        "rows": 320000,