{
  "schema": "metrics.v1",
  "stage": "fdm_eval",
  "num_examples": 16698646,
  "keyboard": {
    "status": "computed",
    "accuracy": 0.24763471713222152,
    "num_examples": 3017081
  },
  "mouse_button": {
    "status": "computed",
    "accuracy": 0.3552671596928088,
    "num_examples": 759527,
    "predicted_examples": 1078365,
    "exact_true_positive_examples": 269835,
    "false_positive_examples": 808530,
    "false_negative_examples": 489692,
    "precision": 0.2502260366388004,
    "recall": 0.3552671596928088,
    "f1": 0.29363531698271716,
    "no_button_examples": 15939119,
    "no_button_false_positive_examples": 765582,
    "no_button_false_positive_rate": 0.04803163838603627
  },
  "mouse_move": {
    "status": "computed",
    "pearson": 0.6256128547552001,
    "scale_ratio": 2.228491618098244,
    "num_values": 14661338
  },
  "failure_count": 16658043
}
