{
  "schema": "metrics.v1",
  "stage": "fdm_eval",
  "num_examples": 320000,
  "keyboard": {
    "status": "computed",
    "accuracy": 0.020542834878052824,
    "num_examples": 60313
  },
  "mouse_button": {
    "status": "computed",
    "accuracy": 0.11621250286237692,
    "num_examples": 8734,
    "predicted_examples": 22504,
    "exact_true_positive_examples": 1015,
    "false_positive_examples": 21489,
    "false_negative_examples": 7719,
    "precision": 0.045103092783505154,
    "recall": 0.11621250286237692,
    "f1": 0.06498495422242141,
    "no_button_examples": 311266,
    "no_button_false_positive_examples": 20781,
    "no_button_false_positive_rate": 0.06676283307524754
  },
  "mouse_move": {
    "status": "computed",
    "pearson": 0.654465448285839,
    "scale_ratio": 1.9030993361299957,
    "num_values": 240244
  },
  "failure_count": 319892
}
