{
  "schema": "metrics.v1",
  "stage": "fdm_eval",
  "num_examples": 16698646,
  "keyboard": {
    "status": "computed",
    "accuracy": 0.049030503324239555,
    "num_examples": 3017081
  },
  "mouse_button": {
    "status": "computed",
    "accuracy": 0.33571946751070075,
    "num_examples": 759527,
    "predicted_examples": 1111293,
    "exact_true_positive_examples": 254988,
    "false_positive_examples": 856305,
    "false_negative_examples": 504539,
    "precision": 0.22945163876673388,
    "recall": 0.33571946751070075,
    "f1": 0.27259490490800825,
    "no_button_examples": 15939119,
    "no_button_false_positive_examples": 837649,
    "no_button_false_positive_rate": 0.052553030063957736
  },
  "mouse_move": {
    "status": "computed",
    "pearson": 0.22392089581641209,
    "scale_ratio": 1.0557831012094938,
    "num_values": 14661338
  },
  "failure_count": 16660759
}
