{
  "schema": "metrics.v1",
  "stage": "fdm_eval",
  "num_examples": 1536,
  "keyboard": {
    "status": "computed",
    "accuracy": 0.19047619047619047,
    "num_examples": 672
  },
  "mouse_button": {
    "status": "computed",
    "accuracy": 0.22058823529411764,
    "num_examples": 68,
    "predicted_examples": 56,
    "exact_true_positive_examples": 15,
    "false_positive_examples": 41,
    "false_negative_examples": 53,
    "precision": 0.26785714285714285,
    "recall": 0.22058823529411764,
    "f1": 0.24193548387096775,
    "no_button_examples": 1468,
    "no_button_false_positive_examples": 39,
    "no_button_false_positive_rate": 0.02656675749318801
  },
  "mouse_move": {
    "status": "computed",
    "pearson": 0.30395693874115204,
    "scale_ratio": 1.2007217193927018,
    "num_values": 2810
  },
  "failure_count": 1536
}
