{
  "schema": "metrics.v1",
  "stage": "fdm_eval",
  "num_examples": 320000,
  "keyboard": {
    "status": "computed",
    "accuracy": 0.01097607480974251,
    "num_examples": 60313
  },
  "mouse_button": {
    "status": "computed",
    "accuracy": 0.33718800091596063,
    "num_examples": 8734,
    "predicted_examples": 23738,
    "exact_true_positive_examples": 2945,
    "false_positive_examples": 20793,
    "false_negative_examples": 5789,
    "precision": 0.12406268430364815,
    "recall": 0.33718800091596063,
    "f1": 0.1813870411431387,
    "no_button_examples": 311266,
    "no_button_false_positive_examples": 20345,
    "no_button_false_positive_rate": 0.06536210186785579
  },
  "mouse_move": {
    "status": "computed",
    "pearson": 0.030425686469859454,
    "scale_ratio": 1.3155151556882352,
    "num_values": 240244
  },
  "failure_count": 319965
}
