{
  "schema": "metrics.v1",
  "stage": "fdm_eval",
  "num_examples": 84512,
  "keyboard": {
    "status": "computed",
    "accuracy": 0.0,
    "num_examples": 18702
  },
  "mouse_button": {
    "status": "computed",
    "accuracy": 0.00449034575662326,
    "num_examples": 2227,
    "predicted_examples": 4182,
    "exact_true_positive_examples": 10,
    "false_positive_examples": 4172,
    "false_negative_examples": 2217,
    "precision": 0.0023912003825920613,
    "recall": 0.00449034575662326,
    "f1": 0.0031206116398814166,
    "no_button_examples": 82285,
    "no_button_false_positive_examples": 3880,
    "no_button_false_positive_rate": 0.047153187093637965
  },
  "mouse_move": {
    "status": "computed",
    "pearson": 0.013970118338012517,
    "scale_ratio": 1.1981678680792858,
    "num_values": 76642
  },
  "failure_count": 84507
}
