{
  "schema": "metrics.v1",
  "stage": "fdm_eval",
  "num_examples": 16698646,
  "keyboard": {
    "status": "computed",
    "accuracy": 0.007809353358675332,
    "num_examples": 8754374
  },
  "mouse_button": {
    "status": "computed",
    "accuracy": 0.13633567671186647,
    "num_examples": 2038652,
    "predicted_examples": 8917562,
    "exact_true_positive_examples": 277941,
    "false_positive_examples": 8639621,
    "false_negative_examples": 1760711,
    "precision": 0.031167823671985683,
    "recall": 0.13633567671186647,
    "f1": 0.05073668696139013,
    "no_button_examples": 14659994,
    "no_button_false_positive_examples": 7949935,
    "no_button_false_positive_rate": 0.5422877389990747
  },
  "mouse_move": {
    "status": "computed",
    "pearson": -0.0015900373743682513,
    "scale_ratio": 1.982225710762034,
    "num_values": 33397292
  },
  "failure_count": 16644880
}
