{
  "schema": "metrics.v1",
  "stage": "fdm_eval",
  "num_examples": 16698646,
  "keyboard": {
    "status": "computed",
    "accuracy": 0.002659524222253231,
    "num_examples": 3017081
  },
  "mouse_button": {
    "status": "computed",
    "accuracy": 0.05210611341005652,
    "num_examples": 759527,
    "predicted_examples": 5442338,
    "exact_true_positive_examples": 39576,
    "false_positive_examples": 5402762,
    "false_negative_examples": 719951,
    "precision": 0.00727187469796988,
    "recall": 0.05210611341005652,
    "f1": 0.012762612536712747,
    "no_button_examples": 15939119,
    "no_button_false_positive_examples": 5012697,
    "no_button_false_positive_rate": 0.31449021743297106
  },
  "mouse_move": {
    "status": "computed",
    "pearson": 0.34817355680270057,
    "scale_ratio": 1.6277335085623454,
    "num_values": 14661338
  },
  "failure_count": 16698490
}
