{
  "schema": "metrics.v1",
  "stage": "fdm_eval",
  "num_examples": 16698646,
  "keyboard": {
    "status": "computed",
    "accuracy": 0.012223072565834329,
    "num_examples": 3017081
  },
  "mouse_button": {
    "status": "computed",
    "accuracy": 0.007444106661119354,
    "num_examples": 759527,
    "predicted_examples": 340056,
    "exact_true_positive_examples": 5654,
    "false_positive_examples": 334402,
    "false_negative_examples": 753873,
    "precision": 0.016626673253817018,
    "recall": 0.007444106661119354,
    "f1": 0.010283898532443663,
    "no_button_examples": 15939119,
    "no_button_false_positive_examples": 317129,
    "no_button_false_positive_rate": 0.01989626904724157
  },
  "mouse_move": {
    "status": "computed",
    "pearson": 0.17248849180857093,
    "scale_ratio": 1.9342231905794876,
    "num_values": 14661338
  },
  "failure_count": 16697205
}
