{
  "schema": "metrics.v1",
  "stage": "fdm_eval",
  "num_examples": 320000,
  "keyboard": {
    "status": "computed",
    "accuracy": 0.08106046789249416,
    "num_examples": 60313
  },
  "mouse_button": {
    "status": "computed",
    "accuracy": 0.3947790245019464,
    "num_examples": 8734,
    "predicted_examples": 18244,
    "exact_true_positive_examples": 3448,
    "false_positive_examples": 14796,
    "false_negative_examples": 5286,
    "precision": 0.1889936417452313,
    "recall": 0.3947790245019464,
    "f1": 0.2556156868559567,
    "no_button_examples": 311266,
    "no_button_false_positive_examples": 14399,
    "no_button_false_positive_rate": 0.04625946939273804
  },
  "mouse_move": {
    "status": "computed",
    "pearson": 0.1515403734668267,
    "scale_ratio": 1.0083907829117813,
    "num_values": 240244
  },
  "failure_count": 319929
}
