{
  "schema": "metrics.v1",
  "stage": "fdm_eval",
  "num_examples": 1536,
  "keyboard": {
    "status": "computed",
    "accuracy": 0.11011904761904762,
    "num_examples": 672
  },
  "mouse_button": {
    "status": "computed",
    "accuracy": 0.22058823529411764,
    "num_examples": 68,
    "predicted_examples": 43,
    "exact_true_positive_examples": 15,
    "false_positive_examples": 28,
    "false_negative_examples": 53,
    "precision": 0.3488372093023256,
    "recall": 0.22058823529411764,
    "f1": 0.2702702702702703,
    "no_button_examples": 1468,
    "no_button_false_positive_examples": 27,
    "no_button_false_positive_rate": 0.018392370572207085
  },
  "mouse_move": {
    "status": "computed",
    "pearson": 0.15505565400780458,
    "scale_ratio": 1.0862670660126141,
    "num_values": 2810
  },
  "failure_count": 1536
}
