{
  "schema": "metrics.v1",
  "stage": "fdm_eval",
  "num_examples": 320000,
  "keyboard": {
    "status": "computed",
    "accuracy": 3.316034685722813e-05,
    "num_examples": 60313
  },
  "mouse_button": {
    "status": "computed",
    "accuracy": 0.007442179986260591,
    "num_examples": 8734,
    "predicted_examples": 285251,
    "exact_true_positive_examples": 65,
    "false_positive_examples": 285186,
    "false_negative_examples": 8669,
    "precision": 0.000227869490378649,
    "recall": 0.007442179986260591,
    "f1": 0.0004421994319438067,
    "no_button_examples": 311266,
    "no_button_false_positive_examples": 276518,
    "no_button_false_positive_rate": 0.8883655779943842
  },
  "mouse_move": {
    "status": "computed",
    "pearson": 0.673439441400427,
    "scale_ratio": 1.8411431289798117,
    "num_values": 240244
  },
  "failure_count": 320000
}
